[
    {
        "title": "Test Title",
        "text": "Test text"
    },
    {
        "title": "Person",
        "text": "xxxx",
        "id": "249911fc-ce9d-4905-a934-745845b41c7a"
    },
    {
        "title": "Something",
        "text": "x1x1x1x1",
        "id": "ca0616fa-f603-4d85-a9c6-fa62c73a9bf9"
    },
    {
        "title": "",
        "text": "",
        "id": "2f44"
    },
    {
        "title": "dwds",
        "text": "sdsdsd",
        "id": "09f2"
    },
    {
        "title": "dsdsdsd",
        "text": "sdsd",
        "id": "c5c8"
    },
    {
        "title": "very",
        "text": "dsdadasd",
        "id": "70f9"
    },
    {
        "title": "dqwdwd",
        "text": "qwdqwdwdwq",
        "id": "c21d"
    }
]